{"cameraMode":{"drawMode":0,"name":"Shaded","section":"Shading Mode"},"sceneLighting":true,"audioPlay":false,"sceneViewState":{"m_AlwaysRefresh":false,"showFog":true,"showSkybox":true,"showFlares":true,"showImageEffects":true,"showParticleSystems":true,"showVisualEffectGraphs":true,"m_FxEnabled":true},"in2DMode":false,"pivot":{"x":-6.0702009201049809,"y":12.554693222045899,"z":-4.7262444496154789},"rotation":{"x":0.026399563997983934,"y":0.5341443419456482,"z":0.01661692187190056,"w":-0.8449001312255859},"size":13.003114700317383,"orthographic":false}